nome,porcentagem_desconto,preço,tipo
Resident Evil 4,-12%,"R$ 218,99",Padrão
Star Wars Empire at War - Gold Pack,0,"R$ 37,99",Padrão
LEGO Indiana Jones: The Original Adventures,0,"R$ 37,99",Padrão
Fallout Classic Collection,0,Indisponivel,Pacote
LEGO Indiana Jones 2: The Adventure Continues,0,"R$ 37,99",Padrão
The Elder Scrolls IV: Oblivion GOTY Edition Deluxe,0,Indisponivel,Padrão
Star Wars: The Force Unleashed II,0,"R$ 37,99",Padrão
TEKKEN 7,-85%,"R$ 19,48",Padrão
The Elder Scrolls IV: Oblivion® GOTY Edition,0,Indisponivel,Padrão
Wolfenstein: The Old Blood,0,Indisponivel,Padrão
Fallout: New Vegas,0,Indisponivel,Padrão
Heroes of Might & Magic III HD Edition,0,"R$ 44,99",Padrão
Resident Evil 4 - Deluxe Edition,-12%,"R$ 262,99",Padrão
LEGO Pirates of the Caribbean: The Video Game,0,"R$ 37,99",Padrão
Fallout 3,0,Indisponivel,Padrão
The Elder Scrolls III: Morrowind GOTY Edition,0,Indisponivel,Padrão
Star Wars - The Force Unleashed Ultimate Sith Edition,0,"R$ 37,99",Padrão
Star Wars Classics Collection,0,"R$ 72,99",Padrão
Star Wars Jedi Knight Collection,0,"R$ 72,65",Padrão
LEGO Harry Potter Years 5-7,0,"R$ 89,99",Padrão
Mortal Kombat 11 Kombat Pack 1,-90%,"R$ 5,99",DLC
Batman: Arkham Origins - Season Pass,0,"R$ 36,99",DLC
RESIDENT EVIL 2 / BIOHAZARD RE:2,0,"R$ 89,99",Padrão
Marvel’s Spider-Man Remastered,0,"R$ 249,90",Padrão
Riot Points - Gift Card Digital 50 Reais,0,"R$ 50,00",Padrão
The Last of Us - Part I - Digital Deluxe Edition,-10%,"R$ 268,90",Padrão
Katana ZERO,0,"R$ 28,99",Padrão
Resident Evil HD REMASTER,0,"R$ 39,99",Padrão
Marvel's Spider-Man: Miles Morales,0,"R$ 199,90",Padrão
Resident Evil 4 (2005),0,"R$ 39,99",Padrão
BágDex - Standard,0,"R$ 35,00",Pré-Venda
Xbox Game Pass Ultimate - 1 Mês,0,"R$ 44,99",Padrão
Scribblenauts Unlimited,0,"R$ 89,99",Padrão
Xbox - Cartão Presente Digital 5 Reais,0,"R$ 5,00",Padrão
DEVIL MAY CRY 5 + VERGIL,0,"R$ 89,99",Padrão
LEGO City Undercover,0,"R$ 89,99",Padrão
LEGO Marvel Vingadores Deluxe Edition,0,"R$ 129,99",Padrão
Middle-earth: Shadow of War,0,"R$ 229,99",Padrão
Xbox - Cartão Presente Digital 50 Reais,0,"R$ 50,00",Padrão
Xbox - Cartão Presente Digital 60 Reais,0,"R$ 60,00",Padrão
F.E.A.R. 3,0,"R$ 89,99",Padrão
Dragon Ball Xenoverse - Bundle,-85%,"R$ 18,89",Pacote
Middle-earth: Shadow of Mordor - Game of the Year Edition,0,"R$ 89,99",Padrão
GRIS,0,"R$ 32,99",Padrão
God of War,0,"R$ 199,90",Padrão
Days Gone,0,"R$ 199,90",Padrão
Horizon Zero Dawn Complete Edition,0,"R$ 199,90",Padrão
RESIDENT EVIL 2 / BIOHAZARD RE:2 - DELUXE EDITION,0,"R$ 109,99",Padrão
RESIDENT EVIL 7 biohazard Gold Edition,0,"R$ 87,08",Padrão
The Last of Us - Part I,-10%,"R$ 223,99",Padrão
Xbox - Cartão Presente Digital 200 Reais,0,"R$ 200,00",Padrão
Mortal Kombat 11,-90%,"R$ 22,99",Padrão
Mortal Kombat XL,0,"R$ 129,99",Pacote
Mortal Kombat X,-90%,"R$ 8,99",Padrão
Euro Truck Simulator 2,0,"R$ 39,99",Padrão
LEGO Marvel Super Heroes,0,"R$ 89,99",Padrão
Xbox - Cartão Presente Digital 100 Reais,0,"R$ 100,00",Padrão
DOOM,0,"R$ 61,50",Padrão
LEGO Marvel Super Heroes 2: Deluxe Edition,0,"R$ 159,99",Padrão
Star Wars Collection,0,"R$ 169,99",Padrão
RESIDENT EVIL 3,0,"R$ 129,99",Padrão
Riot Points - Gift Card Digital 100 Reais,0,"R$ 100,00",Padrão
Street Fighter V,0,"R$ 39,99",Padrão
Xbox - Cartão Presente Digital 25 Reais,0,"R$ 25,00",Padrão
Scribblenauts Unmasked: A DC Comics Adventures,0,"R$ 36,99",Padrão
Resident Evil 0,0,"R$ 39,99",Padrão
F.E.A.R. 2: Project Origin,0,"R$ 69,99",Padrão
LEGO Batman,0,"R$ 89,99",Padrão
Mortal Kombat 11 Ultimate,-80%,"R$ 55,99",Padrão
UNCHARTED™: Legacy of Thieves Collection,0,"R$ 199,90",Padrão
Riot Points - Gift Card Digital 20 Reais,0,"R$ 20,00",Padrão
LEGO DC Super-Villains - Deluxe Edition,0,"R$ 254,99",Padrão
Xbox - Cartão Presente Digital 10 Reais,0,"R$ 10,00",Padrão
Dragon Ball Xenoverse,-85%,"R$ 11,99",Padrão
Tales of Vesperia: Definitive Edition,0,"R$ 139,90",Padrão
DRAGON BALL Z: KAKAROT,-75%,"R$ 39,97",Padrão
The LEGO Ninjago Movie Video Game,0,"R$ 89,99",Padrão
LEGO Batman 2: DC Super Heroes,0,"R$ 89,99",Padrão
Crypt of the NecroDancer,0,"R$ 27,99",Padrão
NARUTO SHIPPUDEN: Ultimate Ninja STORM 4 - Road to Boruto,-77%,"R$ 28,09",Padrão
The LEGO Movie - Videogame,0,"R$ 89,99",Padrão
DRAGON BALL Z: KAKAROT - Deluxe Edition,-75%,"R$ 62,47",Padrão
LEGO Star Wars: The Force Awakens,0,"R$ 89,99",Padrão
BágDex - Treinador,0,"R$ 80,00",Pré-Venda
APE OUT,0,"R$ 27,99",Padrão
Hogwarts Legacy,0,"R$ 249,99",Padrão
Hotline Miami,0,"R$ 16,99",Padrão
Xbox - Cartão Presente Digital 20 Reais,0,"R$ 20,00",Padrão
Tom Clancy’s Rainbow Six - SIEGE - Standard Edition,0,"R$ 59,99",Padrão
Fallout 4,0,"R$ 59,99",Padrão
Middle-earth: Shadow of War - Expansion Pass,0,"R$ 69,99",DLC
LEGO Batman 3: Beyond Gotham,0,"R$ 89,99",Padrão
LEGO Star Wars: The Force Awakens - Deluxe Edition,0,"R$ 129,99",Pacote
Devil May Cry 4: Edição Especial,0,"R$ 49,99",Padrão
Ni no Kuni II: Revenant Kingdom - The Prince's Edition,0,"R$ 219,90",Padrão
Naruto Shippuden: Ultimate Ninja STORM Revolution,-85%,"R$ 8,39",Padrão
Resident Evil Revelations,0,"R$ 59,99",Padrão
Enigma do Medo,-9%,"R$ 49,99",Pré-Venda
Xbox - Cartão Presente Digital 70 Reais,0,"R$ 70,00",Padrão
Xbox - Cartão Presente Digital 40 Reais,0,"R$ 40,00",Padrão
